{"cameraMode":{"drawMode":0,"name":"Shaded","section":"Shading Mode"},"sceneLighting":true,"audioPlay":false,"sceneViewState":{"showFog":true,"showMaterialUpdate":false,"showSkybox":true,"showFlares":true,"showImageEffects":true,"showParticleSystems":true,"showVisualEffectGraphs":true,"m_FxEnabled":true},"in2DMode":false,"pivot":{"x":-5.020113945007324,"y":-0.8741540312767029,"z":-0.02681875228881836},"rotation":{"x":-0.06773457676172257,"y":0.02603401616215706,"z":-0.0017681624740362168,"w":-0.9973605871200562},"size":2.666025161743164,"orthographic":false}